TITLE: Bill of Materials,,,,,,,,
DATE: 09/27/2021,,,,,,,,
DESIGN: maintenance_port_card,,,,,,,,
TEMPLATE: C:\Users\Vishnu_Thankappan\Documents\4T4R_Design_Vishnu\MPC_v19\WIP\maintenance_port_card_ver019\worklib\maintenance_port_card\bom\bo.bom,,,,,,,,
CALLOUT: bom.callouts,,,,,,,,
VARIANT: MAINTENANCE_PORT_CARD_VARIANT0,,,,,,,,
,,,,,,,,
Part Name,Ref Des,Var Status,Qty,PART_NUMBER,DESCRIPTION,PRT_NUMBER,MFG_PN,MANUFACTURER
"5054484031_SMT-5054484031,C4PT9,SMT_PLUG_ULOCK_2XROW_2X20_125P_RA,MOLEX",P2_M0,Pref,1,C4PT9,"40 Circuits 1.25mm Pitch, Micro-Lock Plus PCB Header, Dual Row, Positive Lock",C4PT9,5054484031,MOLEX
"74LVC1G32GV_SOT-74LVC1G32GV,DX055,SOT95P275X110-5N,NXP","U129_M0,U130_M0",Pref,2,DX055,"IC,74LVC1G32,SOT23-5,OR",DX055,74LVC1G32GV,NXP
"87832_1420_CONN-87832-1420,KT431,SMTCONN_SHRD_200P_2X7_1665X630X760,MOLEX",J96_M0,Pref,1,KT431,"Connector Header Surface Mount 14 position 0.079"" (2.00mm)",KT431,87832-1420,MOLEX
"BC849B_SOT23-BC849B,72PJD,SOT95P237X112-3N,NEXPERIA","Q139_M0,Q140_M0,Q150_M0",Pref,3,72PJD,TRANS SGNL NPN 45V SOT23,72PJD,BC849B,NEXPERIA
"CAP_0402-0.1UF,10%,25V,X5R,XY508",C84_M0,Pref,1,XY508,?,XY508,?,?
"CAP_0402-0.1UF,10%,50V,X7R,02DD2","C16_M0,C20_M0,C21_M0,C24_M0,C26_M0,C27_M0,C30_M0,C31_M0,C32_M0,C40_M0,C41_M0,C89_M0,C111_M0,C113_M0,C127_M0,C128_M0,C131_M0,C144_M0,C145_M0,C146_M0,C147_M0",Pref,21,02DD2,?,02DD2,?,?
"CAP_0402-1UF,10%,16V,X5R,WK7KJ","C8_M0,C9_M0,C12_M0,C15_M0,C18_M0,C19_M0,C22_M0,C23_M0,C25_M0,C70_M0",Pref,10,WK7KJ,?,WK7KJ,?,?
"CAP_0402-4.7UF,10%,10V,X5R,HKKDW",C88_M0,Pref,1,HKKDW,?,HKKDW,?,?
"CAP_0402-470PF,5%,50V,NPO,NR144",C72_M0,Pref,1,NR144,?,NR144,?,?
"CAP_0603-100NF,10%,50V,X7R,HJ8Y1",C71_M0,Pref,1,HJ8Y1,?,HJ8Y1,?,?
"CAP_0603-2.2UF,10%,16V,X5R,J6201","C104_M0,C105_M0",Pref,2,J6201,?,J6201,?,?
"CAP_0805-22UF,20%,16V,X6S,4044F",C78_M0,Pref,1,4044F,?,4044F,?,?
"CAP_PHOENIX_0201-27PF,1%,50V,C0G,M0WNG,GRM0335C1H270FA01","C46_M0,C55_M0",Pref,2,M0WNG,?,M0WNG,GRM0335C1H270FA01,?
"CAP_PHOENIX_0402-10NF,10%,25V,X7R,NM636,GRM155R71E103KA01D","C7_M0,C13_M0,C14_M0",Pref,3,NM636,?,NM636,GRM155R71E103KA01D,?
"CAP_PHOENIX_0402-10UF,20%,6.3V,X6S,VDP6K,GRM155C80J106ME11D","C4_M0,C10_M0,C11_M0",Pref,3,VDP6K,?,VDP6K,GRM155C80J106ME11D,?
"CAP_PHOENIX_0603-22UF,20%,6.3V,X6S,V067F,GRM188C80J226ME15","C122_M0,C123_M0",Pref,2,V067F,?,V067F,GRM188C80J226ME15,?
"FERRITE_PHOENIX_0603-1YGJN,600OHM,MPZ1608S601ATA00","L134_M0,L135_M0",Pref,2,1YGJN,?,1YGJN,MPZ1608S601ATA00,?
"JS102011SCQN_SMT-JS102011SCQN,VF3R4,SMT_SW_JS_SERIES_3PINS_850X350X550,C&K",S126_M0,Pref,1,VF3R4,"SPDT, SMT, SLIDE SWITCH",VF3R4,JS102011SCQN,C&K
LABEL_PHOENIX_SILKSCREEN-HP126,LB3_M0,Pref,1,HP126,?,HP126,?,?
"LSF0102DCTR_SOP-LSF0102DCTR,NDF39,SOP65P400X130-8_DS,TI",U82_M0,Pref,1,NDF39,Dual Bidirectional Multi-Voltage Level Translator,NDF39,LSF0102DCTR,TI
"MAX15102_BGA-MAX15102EWL+,32M06,BGA15C50P3X5_157X265X69N,MAXIM","U114_M0,U115_M0",Pref,2,32M06,"2A LDO, Input Range- 1.7 - 5.5V, Output Range- 0.6V - 5.2V , WLP package",32M06,MAX15102EWL+,MAXIM
"MT25QU256ABA8E12_0AAT_BGA-MT25QU256ABA8E12-0AAT,1MX65,BGA24C100P5X5_800X600X120_DS,MICRON",U90_M0,Pref,1,1MX65,FLASH 256MBIT SPI 24TPBGA,1MX65,MT25QU256ABA8E12-0AAT,MICRON
"RCGCU1F1030FRDL_TH-RCGCU1F1030FRDL,26M6V,THCONN_1X1_RJ45_12PINS_2LEDS,DELTA ELECTRON",J136_M0,Pref,1,26M6V,"CON,RJ45,8P,RA,MAG,GB,TH",26M6V,RCGCU1F1030FRDL,DELTA ELECTRON
"RES_0402-0,5%,1/16W,N5219",R112_M0,Pref,1,N5219,?,N5219,?,?
"RES_0402-11K,1%,1/16W,DC122",R42_M0,Pref,1,DC122,?,DC122,?,?
"RES_0402-1K,1%,1/16W,J1564","R75_M0,R95_M0",Pref,2,J1564,?,J1564,?,?
"RES_0402-1M,1%,1/16W,WG904",R50_M0,Pref,1,WG904,?,WG904,?,?
"RES_0402-33,1%,1/16W,G282J","R93_M0,R94_M0",Pref,2,G282J,?,G282J,?,?
"RES_PHOENIX_0402-10K,0.1%,1/16W,PM9KF,CPF0402B10KE1","R64_M0,R65_M0,R66_M0,R67_M0,R68_M0,R69_M0,R76_M0,R79_M0,R86_M0,R87_M0,R91_M0,R92_M0,R142_M0",Pref,13,PM9KF,?,PM9KF,CPF0402B10KE1,?
"RES_PHOENIX_0402-1K58,1%,1/10W,UP057,RK73H1ETTP1581F",R119_M0,Pref,1,UP057,?,UP057,RK73H1ETTP1581F,?
"RES_PHOENIX_0402-200K,1%,1/16W,R6832,RC0402FR-07200KL",R83_M0,Pref,1,R6832,?,R6832,RC0402FR-07200KL,?
"RES_PHOENIX_0402-210R,1%,1/16W,F3316,RMCF0402FT210R",R44_M0,Pref,1,F3316,?,F3316,RMCF0402FT210R,?
"RES_PHOENIX_0402-2K2,0.1%,1/16W,6RGFH,RT0402BRE072K2L","R17_M0,R28_M0,R33_M0,R34_M0,R35_M0,R36_M0,R37_M0,R38_M0,R39_M0,R48_M0,R56_M0,R57_M0,R108_M0,R109_M0",Pref,14,6RGFH,?,6RGFH,RT0402BRE072K2L,?
"RES_PHOENIX_0402-2K49,1%,1/16W,8K311,RC0402FR-072K49L","R1_M0,R143_M0",Pref,2,8K311,?,8K311,RC0402FR-072K49L,?
"RES_PHOENIX_0402-324R,1%,1/16W,D9921,RC0402FR-07324RL",R81_M0,Pref,1,D9921,?,D9921,RC0402FR-07324RL,?
"RES_PHOENIX_0402-332R,1%,1/10W,HU081,RK73H1ETTP3320F",R116_M0,Pref,1,HU081,?,HU081,RK73H1ETTP3320F,?
"RES_PHOENIX_0402-4K7,1%,1/16W,9DHJH,RC0402FR-074K7L","R97_M0,R98_M0,R99_M0,R100_M0",Pref,4,9DHJH,?,9DHJH,RC0402FR-074K7L,?
"RES_PHOENIX_0402-500R,0.1%,1/20W,NH06K,PNM0402E5000BST1","R117_M0,R120_M0",Pref,2,NH06K,?,NH06K,PNM0402E5000BST1,?
"RES_PHOENIX_0402-5K76,1%,1/16W,N3DNX,RC0402FR-075K76L",R45_M0,Pref,1,N3DNX,?,N3DNX,RC0402FR-075K76L,?
"RES_PHOENIX_0402-75R,1%,1/16W,86MHX,RMCF0402FT75R0","R137_M0,R138_M0,R149_M0",Pref,3,86MHX,?,86MHX,RMCF0402FT75R0,?
"RES_PHOENIX_0603-0R,JUMPER,1/10W,Y979J,RC0603JR-070RL","R6_M0,R29_M0,R102_M0,R124_M0,R125_M0,R133_M0",Pref,6,Y979J,?,Y979J,RC0603JR-070RL,?
"TESTPOINT_PHOENIX_SMT-NPR--NEEDED,TP_075X075_SM,TPSM_075X075","TP106_M0,TP107_M0",Pref,2,NPR--NEEDED,TESTPOINT SMT 0.75X0.75mm,NPR--NEEDED,?,?
"TPS22917_SOT23-6-TPS22917,4W490,SOT95P280X145-6N_DS,TI",U74_M0,Pref,1,4W490,6V tolerant Load switch,4W490,TPS22917,TI
USB_RECEPTACLE_H-GR8NG,J62_M0,Pref,1,GR8NG,?,GR8NG,?,?
"XR21V1410_QFN-XR21V1410IL16-F,847J3,QFN50P300X300X100-17N_T165X165_DS,MAXLINEAR",U73_M0,Pref,1,847J3,USB to UART USB 2.0 UART Interface,847J3,XR21V1410IL16-F,MAXLINEAR
"XTAL4PIN_SMT-TSX-3225 25.0000MF10P-C,4NMK8,EPSON,SMT_XTAL_4PIN_TSX3225_320X250X060",X49_M0,Pref,1,4NMK8,"Crystal, 25M, 10-ppm, 10-ppm, 18pF, SMD",4NMK8,TSX-3225 25.0000MF10P-C,EPSON
TOTAL, , ,127, , , , , 
