TITLE: Bill of Materials
DATE: 09/14/2021
DESIGN: maintenance_port_card
TEMPLATE: c:\cadence\spb_17.2\share\cdssetup\template.bom
CALLOUT: bom.callouts
VARIANT: MAINTENANCE_PORT_CARD_VARIANT0

Part Name,Ref Des,Var Status,Qty,PART_NUMBER,DESCRIPTION,PRT_NUMBER,MFG_PN,MANUFACTURER
"5054484031_SMT-5054484031,C4PT9,SMT_PLUG_ULOCK_2XROW_2X20_125P_RA,MOLEX","P1,P2",Pref,2,C4PT9,"40 Circuits 1.25mm Pitch, Micro-Lock Plus PCB Header, Dual Row, Positive Lock",C4PT9,5054484031,MOLEX
"74LVC1G32GV_SOT-74LVC1G32GV,DX055,SOT95P275X110-5N,NXP","U9,U10",Pref,2,DX055,"IC,74LVC1G32,SOT23-5,OR",DX055,74LVC1G32GV,NXP
"87832_1420_CONN-87832-1420,KT431,SMTCONN_SHRD_200P_2X7_1665X630X760,MOLEX",J2,Pref,1,KT431,Connector Header Surface Mount 14 position 0.079" (2.00mm),KT431,87832-1420,MOLEX
"BC849B_SOT23-BC849B,72PJD,SOT95P237X112-3N,NEXPERIA",Q1-Q3,Pref,3,72PJD,TRANS SGNL NPN 45V SOT23,72PJD,BC849B,NEXPERIA
"CAP_0402-0.1UF,10%,25V,X5R,XY508",C40,Pref,1,XY508,?,XY508,?,?
"CAP_0402-0.1UF,10%,25V,X7R,2RX3N",C42,Pref,1,2RX3N,?,2RX3N,?,?
"CAP_0402-0.1UF,10%,50V,X7R,02DD2","C9,C10,C12-C24,C34,C35",Pref,17,02DD2,?,02DD2,?,?
"CAP_0402-1UF,10%,16V,X5R,WK7KJ","C1-C8,C11,C31",Pref,10,WK7KJ,?,WK7KJ,?,?
"CAP_0402-4.7UF,10%,10V,X5R,HKKDW",C41,Pref,1,HKKDW,?,HKKDW,?,?
"CAP_0402-470PF,5%,50V,NPO,NR144",C38,Pref,1,NR144,?,NR144,?,?
"CAP_0603-100NF,10%,50V,X7R,HJ8Y1",C39,Pref,1,HJ8Y1,?,HJ8Y1,?,?
"CAP_0603-2.2UF,10%,16V,X5R,J6201","C48,C49",Pref,2,J6201,?,J6201,?,?
"CAP_0805-22UF,20%,16V,X6S,4044F",C43,Pref,1,4044F,?,4044F,?,?
"CAP_PHOENIX_0402-10NF,10%,25V,X7R,NM636,GRM155R71E103KA01D","C33,C45,C47",Pref,3,NM636,?,NM636,GRM155R71E103KA01D,?
"CAP_PHOENIX_0402-10UF,20%,6.3V,X6S,VDP6K,GRM155C80J106ME11D","C32,C44,C46",Pref,3,VDP6K,?,VDP6K,GRM155C80J106ME11D,?
"CAP_PHOENIX_0402-27PF,1%,50V,C0G,DPN,GCM1555C1H270FA16J","C25,C30",Pref,2,DPN,?,DPN,GCM1555C1H270FA16J,?
"CAP_PHOENIX_0603-22UF,20%,6.3V,X6S,V067F,GRM188C80J226ME15","C36,C37",Pref,2,V067F,?,V067F,GRM188C80J226ME15,?
"FERRITE_PHOENIX_0603-1YGJN,600OHM,MPZ1608S601ATA00","L1,L2",Pref,2,1YGJN,?,1YGJN,MPZ1608S601ATA00,?
"JS102011SCQN_SMT-JS102011SCQN,VF3R4,SMT_SW_JS_SERIES_3PINS_850X350X550,C&K",S1,Pref,1,VF3R4,"SPDT, SMT, SLIDE SWITCH",VF3R4,JS102011SCQN,C&K
"LSF0102DCTR_SOP-LSF0102DCTR,NDF39,SOP65P400X130-8_DS,TI",U7,Pref,1,NDF39,Dual Bidirectional Multi-Voltage Level Translator,NDF39,LSF0102DCTR,TI
"MAX15102_BGA-MAX15102EWL+,32M06,BGA15C50P3X5_157X265X69N,MAXIM","U4,U5",Pref,2,32M06,"2A LDO, Input Range- 1.7 - 5.5V, Output Range- 0.6V - 5.2V , WLP package",32M06,MAX15102EWL+,MAXIM
"MT25QU256ABA8E12_0AAT_BGA-MT25QU256ABA8E12-0AAT,1MX65,BGA24C100P5X5_800X600X120_DS,MICRON",U8,Pref,1,1MX65,FLASH 256MBIT SPI 24TPBGA,1MX65,MT25QU256ABA8E12-0AAT,MICRON
"RCGCU1F1030FRDL_TH-RCGCU1F1030FRDL,26M6V,THCONN_1X1_RJ45_12PINS_2LEDS,DELTA ELECTRON",J1,Pref,1,26M6V,"CON,RJ45,8P,RA,MAG,GB,TH",26M6V,RCGCU1F1030FRDL,DELTA ELECTRON
"RES_0402-0,5%,1/16W,N5219","R32,R35,R38",Pref,3,N5219,?,N5219,?,?
"RES_0402-100K,1%,1/16W,6R533",R49,Pref,1,6R533,?,6R533,?,?
"RES_0402-11K,1%,1/16W,DC122",R6,Pref,1,DC122,?,DC122,?,?
"RES_0402-1K,1%,1/16W,J1564","R45,R69",Pref,2,J1564,?,J1564,?,?
"RES_0402-1M,1%,1/16W,WG904","R1,R15",Pref,2,WG904,?,WG904,?,?
"RES_0402-2.49K,1%,1/16W,367-242-003","R11,R66",Pref,2,367-242-003,?,367-242-003,?,?
"RES_0402-5.76K,1%,1/16W,G18CJ",R7,Pref,1,G18CJ,?,G18CJ,?,?
"RES_PHOENIX_0402-10K,0.1%,1/16W,PM9KF,CPF0402B10KE1","R18-R20,R22,R25,R41-R43,R50-R53,R65",Pref,13,PM9KF,?,PM9KF,CPF0402B10KE1,?
"RES_PHOENIX_0402-1K58,1%,1/10W,UP057,RK73H1ETTP1581F",R36,Pref,1,UP057,?,UP057,RK73H1ETTP1581F,?
"RES_PHOENIX_0402-200K,1%,1/16W,R6832,RC0402FR-07200KL",R46,Pref,1,R6832,?,R6832,RC0402FR-07200KL,?
"RES_PHOENIX_0402-210R,1%,1/16W,F3316,RMCF0402FT210R",R61,Pref,1,F3316,?,F3316,RMCF0402FT210R,?
"RES_PHOENIX_0402-2K2,0.1%,1/16W,6RGFH,RT0402BRE072K2L","R2,R3,R5,R9,R23,R54-R60,R68,R70",Pref,14,6RGFH,?,6RGFH,RT0402BRE072K2L,?
"RES_PHOENIX_0402-324R,1%,1/16W,D9921,RC0402FR-07324RL",R44,Pref,1,D9921,?,D9921,RC0402FR-07324RL,?
"RES_PHOENIX_0402-332R,1%,1/10W,HU081,RK73H1ETTP3320F",R33,Pref,1,HU081,?,HU081,RK73H1ETTP3320F,?
"RES_PHOENIX_0402-4K7,1%,1/16W,9DHJH,RC0402FR-074K7L","R26-R28,R75",Pref,4,9DHJH,?,9DHJH,RC0402FR-074K7L,?
"RES_PHOENIX_0402-500R,0.1%,1/20W,NH06K,PNM0402E5000BST1","R34,R37",Pref,2,NH06K,?,NH06K,PNM0402E5000BST1,?
"RES_PHOENIX_0402-75R,1%,1/16W,86MHX,RMCF0402FT75R0","R62,R71,R72",Pref,3,86MHX,?,86MHX,RMCF0402FT75R0,?
"RES_PHOENIX_0603-0R,JUMPER,1/10W,Y979J,RC0603JR-070RL","R4,R29,R30,R39,R40,R47,R63",Pref,7,Y979J,?,Y979J,RC0603JR-070RL,?
"TESTPOINT_PHOENIX_SMT-NPR--NEEDED,TP_075X075_SM,TPSM_075X075","TP2,TP3",Pref,2,NPR--NEEDED,TESTPOINT SMT 0.75X0.75mm,NPR--NEEDED,?,?
"TPS22917_SOT23-6-TPS22917,4W490,SOT95P280X145-6N_DS,TI",U6,Pref,1,4W490,6V tolerant Load switch,4W490,TPS22917,TI
USB_RECEPTACLE_H-GR8NG,J3,Pref,1,GR8NG,?,GR8NG,?,?
"XR21V1410_QFN-XR21V1410IL16-F,847J3,QFN50P300X300X100-17N_T165X165_DS,MAXLINEAR",U2,Pref,1,847J3,USB to UART USB 2.0 UART Interface,847J3,XR21V1410IL16-F,MAXLINEAR
"XTAL4PIN_SMT-TSX-3225 25.0000MF10P-C,4NMK8,EPSON,SMT_XTAL_4PIN_TSX3225_320X250X060",X1,Pref,1,4NMK8,"Crystal, 25M, 10-ppm, 10-ppm, 18pF, SMD",4NMK8,TSX-3225 25.0000MF10P-C,EPSON
TOTAL, , ,127, , , , , 
